{"name":"Books","locale":"en","data":[{"intent":"book.Seven Husbands of Evelyn Hugo e7fad9d29718308a0e277a831c63d254a2a65066","utterances":["'Riveting, heart-wrenching and full of Old Hollywood glamour' BuzzFeed\n'This wildly addictive journey of a reclusive Hollywood starlet and her tumultuous Tinseltown journey comes with unexpected twists and the most satisfying of drama' PopSugar\n\nFrom the author of Daisy Jones & The Six in which a legendary film actress reflects on her relentless rise to the top and the risks she took, the loves she lost, and the long-held secrets the public could never imagine","\n\nAging and reclusive Hollywood movie icon Evelyn Hugo is finally ready to tell the truth about her glamorous and scandalous life"," But when she chooses unknown magazine reporter Monique Grant for the job, no one is more astounded than Monique herself"," Why her? Why now?\n\nMonique is not exactly on top of the world"," Her husband has left her, and her professional life is going nowhere"," Regardless of why Evelyn has selected her to write her biography, Monique is determined to use this opportunity to jumpstart her career","\n\nSummoned to Evelyn's luxurious apartment, Monique listens in fascination as the actress tells her story"," From making her way to Los Angeles in the 1950s to her decision to leave show business in the '80s, and, of course, the seven husbands along the way, Evelyn unspools a tale of ruthless ambition, unexpected friendship, and a great forbidden love"," Monique begins to feel a very real connection to the legendary star, but as Evelyn's story near its conclusion, it becomes clear that her life intersects with Monique's own in tragic and irreversible ways","\n\nThe Seven Husbands of Evelyn Hugo is a mesmerizing journey through the splendour of old Hollywood into the harsh realities of the present day as two women struggle with what it means and what it costs to face the truth","historical fiction","contemporary fiction","romance","Taylor Jenkins Reid"],"answers":["Seven Husbands of Evelyn Hugo"]},{"intent":"book.The Sea of Monsters 5c22e7e2968bb2549dfb4f9773b327275aeb0ea3","utterances":["The heroic son of Poseidon makes an action-packed comeback in the second must-read installment of Rick Riordan's amazing young readers series"," Starring Percy Jackson, a \"half blood\" whose mother is human and whose father is the God of the Sea, Riordan's series combines cliffhanger adventure and Greek mythology lessons that results in true page-turners that get better with each installment","\n\nIn this episode, The Sea of Monsters, Percy sets out to retrieve the Golden Fleece before his summer camp is destroyed, surpassing the first book's drama and setting the stage for more thrills to come","fiction","historical fiction","historical adventure","fantasy","Rick Riordan"],"answers":["The Sea of Monsters"]},{"intent":"book.A Game of Thrones 541c99f4763c32baf070586cf781ff2c73e9ef0f","utterances":["Long ago, in a time forgotten, a preternatural event threw the seasons out of balance"," In a land where summers can last decades and winters a lifetime, trouble is brewing"," The cold is returning, and in the frozen wastes to the north of Winterfell, sinister and supernatural forces are massing beyond the kingdom’s protective Wall"," At the center of the conflict lie the Starks of Winterfell, a family as harsh and unyielding as the land they were born to"," Sweeping from a land of brutal cold to a distant summertime kingdom of epicurean plenty, here is a tale of lords and ladies, soldiers and sorcerers, assassins and bastards, who come together in a time of grim omens","\n\nHere an enigmatic band of warriors bear swords of no human metal; a tribe of fierce wildlings carry men off into madness; a cruel young dragon prince barters his sister to win back his throne; and a determined woman undertakes the most treacherous of journeys"," Amid plots and counterplots, tragedy and betrayal, victory and terror, the fate of the Starks, their allies, and their enemies hangs perilously in the balance, as each endeavors to win that deadliest of conflicts: the game of thrones","fiction","fantasy","George R.R. Martin"],"answers":["A Game of Thrones"]},{"intent":"book.The Guest List 71057c910dfa54011f8d6c6688aa4737bd83c6d8","utterances":["The bride ‧ The plus one ‧ The best man ‧ The wedding planner ‧ The bridesmaid ‧ The body\n\nOn an island off the coast of Ireland, guests gather to celebrate two people joining their lives together as one"," The groom: handsome and charming, a rising television star"," The bride: smart and ambitious, a magazine publisher"," It’s a wedding for a magazine, or for a celebrity: the designer dress, the remote location, the luxe party favors, the boutique whiskey"," The cell phone service may be spotty and the waves may be rough, but every detail has been expertly planned and will be expertly executed","\n\nBut perfection is for plans, and people are all too human"," As the champagne is popped and the festivities begin, resentments and petty jealousies begin to mingle with the reminiscences and well wishes"," The groomsmen begin the drinking game from their school days"," The bridesmaid not-so-accidentally ruins her dress"," The bride’s oldest (male) friend gives an uncomfortably caring toast","\n\nAnd then someone turns up dead"," Who didn’t wish the happy couple well? And perhaps more important, why?","fiction","thriller","mystery","Lucy Foley"],"answers":["The Guest List"]},{"intent":"book.The Alchemist b4947fec118bf436600cb0cd666e1a555e2662df","utterances":["Combining magic, mysticism, wisdom and wonder into an inspiring tale of self-discovery, The Alchemist has become a modern classic, selling millions of copies around the world and transforming the lives of countless readers across generations","\n\nPaulo Coelho's masterpiece tells the mystical story of Santiago, an Andalusian shepherd boy who yearns to travel in search of a worldly treasure"," His quest will lead him to riches far different—and far more satisfying—than he ever imagined"," Santiago's journey teaches us about the essential wisdom of listening to our hearts, of recognizing opportunity and learning to read the omens strewn along life's path, and, most importantly, to follow our dreams","fiction","classic","fantasy","Paulo Coelho"],"answers":["The Alchemist"]},{"intent":"book.1984 c42b50c213be96ca7b80a90f27a33ff60b951abb","utterances":["The perfect edition for any Orwell enthusiasts' collection, discover the classic dystopian masterpiece beautifully reimagined by renowned street artist Shepard Fairey\n\nWinston Smith works for the Ministry of Truth in London, chief city of Airstrip One"," Big Brother stares out from every poster, the Thought Police uncover every act of betrayal"," When Winston finds love with Julia, he discovers that life does not have to be dull and deadening, and awakens to new possibilities"," Despite the police helicopters that hover and circle overhead, Winston and Julia begin to question the Party; they are drawn towards conspiracy"," Yet Big Brother will not tolerate dissent - even in the mind"," For those with original thoughts they invented Room 101","classic","fiction","sci-fi","George Orwell"],"answers":["1984"]},{"intent":"book.Normal People fa36a291476d6ce88cd0c41feee4c5da04fa650c","utterances":["At school Connell and Marianne pretend not to know each other"," He’s popular and well-adjusted, star of the school soccer team while she is lonely, proud, and intensely private"," But when Connell comes to pick his mother up from her housekeeping job at Marianne’s house, a strange and indelible connection grows between the two teenagers - one they are determined to conceal","\n\nA year later, they’re both studying at Trinity College in Dublin"," Marianne has found her feet in a new social world while Connell hangs at the sidelines, shy and uncertain"," Throughout their years in college, Marianne and Connell circle one another, straying toward other people and possibilities but always magnetically, irresistibly drawn back together"," Then, as she veers into self-destruction and he begins to search for meaning elsewhere, each must confront how far they are willing to go to save the other","\n\nSally Rooney brings her brilliant psychological acuity and perfectly spare prose to a story that explores the subtleties of class, the electricity of first love, and the complex entanglements of family and friendship","fiction","romance","Sally Rooney"],"answers":["Normal People"]},{"intent":"book.The Lies of Locke Lamora 4867f26e355fbf9d41bbfb28a2b0acd9e3acde5b","utterances":["An orphan’s life is harsh—and often short—in the mysterious island city of Camorr"," But young Locke Lamora dodges death and slavery, becoming a thief under the tutelage of a gifted con artist"," As leader of the band of light-fingered brothers known as the Gentleman Bastards, Locke is soon infamous, fooling even the underworld’s most feared ruler"," But in the shadows lurks someone still more ambitious and deadly"," Faced with a bloody coup that threatens to destroy everyone and everything that holds meaning in his mercenary life, Locke vows to beat the enemy at his own brutal game—or die trying","fantasy","fiction","adventure","Scott Lynch"],"answers":["The Lies of Locke Lamora"]},{"intent":"book.The Blade Itself d5bfd4150e23ba56f7ece2d9282e1f659659db60","utterances":["Logen Ninefingers, infamous barbarian, has finally run out of luck"," Caught in one feud too many, he’s on the verge of becoming a dead barbarian – leaving nothing behind him but bad songs, dead friends, and a lot of happy enemies","\n\nNobleman Captain Jezal dan Luthar, dashing officer, and paragon of selfishness, has nothing more dangerous in mind than fleecing his friends at cards and dreaming of glory in the fencing circle"," But war is brewing, and on the battlefields of the frozen North they fight by altogether bloodier rules","\n\nInquisitor Glokta, cripple turned torturer, would like nothing better than to see Jezal come home in a box"," But then Glokta hates everyone: cutting treason out of the Union one confession at a time leaves little room for friendship"," His latest trail of corpses may lead him right to the rotten heart of government, if he can stay alive long enough to follow it","\n\nEnter the wizard, Bayaz"," A bald old man with a terrible temper and a pathetic assistant, he could be the First of the Magi, he could be a spectacular fraud, but whatever he is, he's about to make the lives of Logen, Jezal, and Glokta a whole lot more difficult","\n\nMurderous conspiracies rise to the surface, old scores are ready to be settled, and the line between hero and villain is sharp enough to draw blood","fantasy","fiction","Joe Abercrombie"],"answers":["The Blade Itself"]},{"intent":"book.The Great Gatsby 0b6644c67a54575651428213e58b516f6624160f","utterances":["The Great Gatsby, F"," Scott Fitzgerald's third book, stands as the supreme achievement of his career"," This exemplary novel of the Jazz Age has been acclaimed by generations of readers"," The story of the fabulously wealthy Jay Gatsby and his love for the beautiful Daisy Buchanan, of lavish parties on Long Island at a time when The New York Times noted \"gin was the national drink and sex the national obsession,\" it is an exquisitely crafted tale of America in the 1920s","classic","fiction","historical fiction","F. Scott Fitzgerald"],"answers":["The Great Gatsby"]},{"intent":"book.The Seven Husbands of Evelyn Hugo e7fad9d29718308a0e277a831c63d254a2a65066","utterances":["Aging and reclusive Hollywood movie icon Evelyn Hugo is finally ready to tell the truth about her glamorous and scandalous life"," But when she chooses unknown magazine reporter Monique Grant for the job, no one is more astounded than Monique herself"," Why her? Why now?\n\nMonique is not exactly on top of the world"," Her husband has left her, and her professional life is going nowhere"," Regardless of why Evelyn has selected her to write her biography, Monique is determined to use this opportunity to jumpstart her career","\n\nSummoned to Evelyn’s luxurious apartment, Monique listens in fascination as the actress tells her story"," From making her way to Los Angeles in the 1950s to her decision to leave show business in the ‘80s, and, of course, the seven husbands along the way, Evelyn unspools a tale of ruthless ambition, unexpected friendship, and a great forbidden love"," Monique begins to feel a very real connection to the legendary star, but as Evelyn’s story near its conclusion, it becomes clear that her life intersects with Monique’s own in tragic and irreversible ways","fiction","historical fiction","romance","Taylor Jenkins Reid"],"answers":["The Seven Husbands of Evelyn Hugo"]},{"intent":"book.Northern Lights 950ae41491a206d99ed2815471d5d218b1d4bd67","utterances":["When Lyra's friend Roger disappears, she and her dæmon, Pantalaimon, determine to find him","\n\nThe ensuing quest leads them to the bleak splendour of the North, where armoured bears rule the ice and witch-queens fly through the frozen skies - and where a team of scientists is conducting experiments too horrible to be spoken about","\n\nLyra overcomes these strange terrors, only to find something yet more perilous waiting for her - something with consequences which may even reach beyond the Northern Lights","fantasy","Philip Pullman"],"answers":["Northern Lights"]},{"intent":"book.The Seven Deaths of Evelyn Hardcastle cdc7c0a99b638d26c38c79af54c614e14e3761a6","utterances":["'Somebody's going to be murdered at the ball tonight"," It won't appear to be a murder and so the murderer won't be caught"," Rectify that injustice and I'll show you the way out","'\n\nIt is meant to be a celebration but it ends in tragedy"," As fireworks explode overhead, Evelyn Hardcastle, the young and beautiful daughter of the house, is killed","\n\nBut Evelyn will not die just once"," Until Aiden – one of the guests summoned to Blackheath for the party – can solve her murder, the day will repeat itself, over and over again"," Every time ending with the fateful pistol shot","\n\nThe only way to break this cycle is to identify the killer"," But each time the day begins again, Aiden wakes in the body of a different guest"," And someone is determined to prevent him ever escaping Blackheath","fiction","mystery","thriller","fantasy","Stuart Turton"],"answers":["The Seven Deaths of Evelyn Hardcastle"]},{"intent":"book.The Song of Achilles 6642831754d68326a8daa9ca53027f44c0806c59","utterances":["Achilles, \"the best of all the Greeks,\" son of the cruel sea goddess Thetis and the legendary king Peleus, is strong, swift, and beautiful, irresistible to all who meet him"," Patroclus is an awkward young prince, exiled from his homeland after an act of shocking violence"," Brought together by chance, they forge an inseparable bond, despite risking the gods' wrath","\n\nThey are trained by the centaur Chiron in the arts of war and medicine, but when word comes that Helen of Sparta has been kidnapped, all the heroes of Greece are called upon to lay siege to Troy in her name"," Seduced by the promise of a glorious destiny, Achilles joins their cause, and torn between love and fear for his friend, Patroclus follows"," Little do they know that the cruel Fates will test them both as never before and demand a terrible sacrifice","historical fiction","fantasy","fiction","Madeline Miller"],"answers":["The Song of Achilles"]},{"intent":"book.The Silent Patient 2f7df371aa422af65a0e47cca271e256f09b8a4e","utterances":["Alicia Berenson’s life is seemingly perfect"," A famous painter married to an in-demand fashion photographer, she lives in a grand house with big windows overlooking a park in one of London’s most desirable areas"," One evening her husband Gabriel returns home late from a fashion shoot, and Alicia shoots him five times in the face, and then never speaks another word","\n\nAlicia’s refusal to talk, or give any kind of explanation, turns a domestic tragedy into something far grander, a mystery that captures the public imagination and casts Alicia into notoriety"," The price of her art skyrockets, and she, the silent patient, is hidden away from the tabloids and spotlight at the Grove, a secure forensic unit in North London","\n\nTheo Faber is a criminal psychotherapist who has waited a long time for the opportunity to work with Alicia"," His determination to get her to talk and unravel the mystery of why she shot her husband takes him down a twisting path into his own motivations—a search for the truth that threatens to consume him","thriller","mystery","fiction","Alex Michaelides"],"answers":["The Silent Patient"]},{"intent":"book.It Ends with Us 7b1ab5dedf4e475bffd8b7150d3ff035672ea723","utterances":["Sometimes it is the one who loves you who hurts you the most","\n\nLily hasn’t always had it easy, but that’s never stopped her from working hard for the life she wants"," She’s come a long way from the small town in Maine where she grew up — she graduated from college, moved to Boston, and started her own business"," So when she feels a spark with a gorgeous neurosurgeon named Ryle Kincaid, everything in Lily’s life suddenly seems almost too good to be true","\n\nRyle is assertive, stubborn, maybe even a little arrogant"," He’s also sensitive, brilliant, and has a total soft spot for Lily"," And the way he looks in scrubs certainly doesn’t hurt"," Lily can’t get him out of her head"," But Ryle’s complete aversion to relationships is disturbing"," Even as Lily finds herself becoming the exception to his “no dating” rule, she can’t help but wonder what made him that way in the first place","\n\nAs questions about her new relationship overwhelm her, so do thoughts of Atlas Corrigan — her first love and a link to the past she left behind"," He was her kindred spirit, her protector"," When Atlas suddenly reappears, everything Lily has built with Ryle is threatened","romance","contemporary fiction","fiction","Colleen Hoover"],"answers":["It Ends with Us"]},{"intent":"book.Where the Crawdads Sing a412e181d5f5b7e4d0a1153ee7545ed855aabb15","utterances":["For years, rumors of the “Marsh Girl” haunted Barkley Cove, a quiet fishing village"," Kya Clark is barefoot and wild; unfit for polite society"," So in late 1969, when the popular Chase Andrews is found dead, locals immediately suspect her","\n\nBut Kya is not what they say"," A born naturalist with just one day of school, she takes life's lessons from the land, learning the real ways of the world from the dishonest signals of fireflies"," But while she has the skills to live in solitude forever, the time comes when she yearns to be touched and loved"," Drawn to two young men from town, who are each intrigued by her wild beauty, Kya opens herself to a new and startling world—until the unthinkable happens","\n\nIn Where the Crawdads Sing, Owens juxtaposes an exquisite ode to the natural world against a profound coming of age story and haunting mystery"," Thought-provoking, wise, and deeply moving, Owens’s debut novel reminds us that we are forever shaped by the child within us, while also subject to the beautiful and violent secrets that nature keeps","\n\nThe story asks how isolation influences the behavior of a young woman, who like all of us, has the genetic propensity to belong to a group"," The clues to the mystery are brushed into the lush habitat and natural histories of its wild creatures","fiction","historical fiction","Delia Owens"],"answers":["Where the Crawdads Sing"]},{"intent":"book.Before the Coffee Gets Cold a696c51b86f7a0634d52d4268c01a3a959c08a1f","utterances":["What would you change if you could go back in time?\n\nIn a small back alley in Tokyo, there is a café which has been serving carefully brewed coffee for more than one hundred years"," But this coffee shop offers its customers a unique experience: the chance to travel back in time","\n\nIn Before the Coffee Gets Cold, we meet four visitors, each of whom is hoping to make use of the café’s time-travelling offer, in order to: confront the man who left them, receive a letter from their husband whose memory has been taken by early onset Alzheimer's, to see their sister one last time, and to meet the daughter they never got the chance to know","\n\nBut the journey into the past does not come without risks: customers must sit in a particular seat, they cannot leave the café, and finally, they must return to the present before the coffee gets cold ","\n\nToshikazu Kawaguchi’s beautiful, moving story explores the age-old question: what would you change if you could travel back in time? More importantly, who would you want to meet, maybe for one last time?","fiction","fantasy","Toshikazu Kawaguchi"],"answers":["Before the Coffee Gets Cold"]},{"intent":"book.The Ballad of Never After f63de2e7157fb15a03b5f34b352d7e7230db00b1","utterances":["After Jacks, the Prince of Hearts, betrays her, Evangeline Fox swears she’ll never trust him again"," Now that she’s discovered her own magic, Evangeline believes she can use it to restore the chance at happily ever after that Jacks stole away","\n\nBut when a new terrifying curse is revealed, Evangeline finds herself entering into a tenuous partnership with the Prince of Hearts again"," Only this time, the rules have changed"," Jacks isn’t the only force Evangeline needs to be wary of"," In fact, he might be the only one she can trust, despite her desire to despise him","\n\nInstead of a love spell wreaking havoc on Evangeline’s life, a murderous spell has been cast"," To break it, Evangeline and Jacks will have to do battle with old friends, new foes, and a magic that plays with heads and hearts"," Evangeline has always trusted her heart, but this time she’s not sure she can","fantasy","Stephanie Garber"],"answers":["The Ballad of Never After"]},{"intent":"book.The Family Upstairs 0260e1f6c4460b9d53d1faacab1e8abf801a486d","utterances":["An alternative cover edition for this ISBN can be found here","\n\nSoon after her twenty-fifth birthday, Libby Jones returns home from work to find the letter she’s been waiting for her entire life"," She rips it open with one driving thought: I am finally going to know who I am","\n\nShe soon learns not only the identity of her birth parents, but also that she is the sole inheritor of their abandoned mansion on the banks of the Thames in London’s fashionable Chelsea neighborhood, worth millions"," Everything in Libby’s life is about to change"," But what she can’t possibly know is that others have been waiting for this day as well—and she is on a collision course to meet them","\n\nTwenty-five years ago, police were called to 16 Cheyne Walk with reports of a baby crying"," When they arrived, they found a healthy ten-month-old happily cooing in her crib in the bedroom"," Downstairs in the kitchen lay three dead bodies, all dressed in black, next to a hastily scrawled note"," And the four other children reported to live at Cheyne Walk were gone","\n\nThe can’t-look-away story of three entangled families living in a house with the darkest of secrets","fiction","thriller","mystery","Lisa Jewell"],"answers":["The Family Upstairs"]},{"intent":"book.Blade Breaker 3114ebe6103ce1efbe5559d2464d571e2c7b8532","utterances":["The fate of the world rests on a blade's edge","\n\nFighting beside her band of unlikely companions, Corayne is learning to embrace her ancient lineage and wield her father's powerful sword","\n\nBut while she successfully closed one of the Spindles, her journey is far from over","\n\nQueen Erida's army marches across Allward with her consort, Taristan, right beside them, opening more portals into nightmarish worlds, razing kingdoms to the ground","\n\nCorayne has no choice but to assemble an army of her own if she's to save the realm as she knows it"," But perilous lands await her and the companions, and they face assassins, otherworldly beasts, and tempestuous seas all as they rally a divided Ward to fight behind them","\n\nBut Taristan has unleashed an evil far more wicked than his corpse armies"," Something deadly waits in the shadows; something that might consume the world before there's any hope for victory","fantasy","Victoria Aveyard"],"answers":["Blade Breaker"]},{"intent":"book.Ordinary Monsters 15a5452b0a027305cec97d4352f957874cf048cf","utterances":["England, 1882"," In Victorian London, two children with mysterious powers are hunted by a figure of darkness —a man made of smoke","\n\nSixteen-year-old Charlie Ovid, despite a lifetime of brutality, doesn't have a scar on him"," His body heals itself, whether he wants it to or not"," Marlowe, a foundling from a railway freight car, shines with a strange bluish light"," He can melt or mend flesh"," When two grizzled detectives are recruited to escort them north to safety, they are forced to confront the nature of difference, and belonging, and the shadowy edges of the monstrous","\n\nWhat follows is a journey from the gaslit streets of London, to an eerie estate outside Edinburgh, where other children with gifts—the Talents—have been gathered"," Here, the world of the dead and the world of the living threaten to collide"," And as secrets within the Institute unfurl, Marlowe, Charlie and the rest of the Talents will discover the truth about their abilities, and the nature of the force that is stalking them: that the worst monsters sometimes come bearing the sweetest gifts","\n\nWith lush prose, mesmerizing world-building, and a gripping plot, Ordinary Monsters presents a catastophic vision of the Victorian world—and of the gifted, broken children who must save it","historical fiction","fantasy","J.M. Miro"],"answers":["Ordinary Monsters"]},{"intent":"book.Nightcrawling 7aec987c588438982be52da66f642c2f958d2087","utterances":["Kiara and her brother, Marcus, are scraping by in an East Oakland apartment complex optimistically called the Regal-Hi"," Both have dropped out of high school, their family fractured by death and prison"," But while Marcus clings to his dream of rap stardom, Kiara hunts for work to pay their rent--which has more than doubled--and to keep the nine-year-old boy next door, abandoned by his mother, safe and fed","\n\nOne night, what begins as a drunken misunderstanding with a stranger turns into the job Kiara never imagined wanting but now desperately needs: nightcrawling"," Her world breaks open even further when her name surfaces in an investigation that exposes her as a key witness in a massive scandal within the Oakland Police Department","fiction","contemporary fiction","Leila Mottley"],"answers":["Nightcrawling"]},{"intent":"book.The Shining 71245a580cd80a6b2f1dd3b952c05c4637882487","utterances":["Jack Torrance's new job at the Overlook Hotel is the perfect chance for a fresh start"," As the off-season caretaker at the atmospheric old hotel, he'll have plenty of time to spend reconnecting with his family and working on his writing"," But as the harsh winter weather sets in, the idyllic location feels ever more remote","and more sinister"," And the only one to notice the strange and terrible forces gathering around the Overlook is Danny Torrance, a uniquely gifted five-year-old","thriller","horror","fiction","Stephen King"],"answers":["The Shining"]},{"intent":"book.Ugly Love a173c947f0f0f9d78100d77f5671e52edb53ae00","utterances":["When Tate Collins meets airline pilot Miles Archer, she knows it isn’t love at first sight"," They wouldn’t even go so far as to consider themselves friends"," The only thing Tate and Miles have in common is an undeniable mutual attraction"," Once their desires are out in the open, they realize they have the perfect set-up"," He doesn’t want love, she doesn’t have time for love, so that just leaves the sex"," Their arrangement could be surprisingly seamless, as long as Tate can stick to the only two rules Miles has for her","\n\nNever ask about the past","\nDon’t expect a future","\n\nThey think they can handle it, but realize almost immediately they can’t handle it at all","\n\nHearts get infiltrated","\nPromises get broken","\nRules get shattered","\nLove gets ugly","romance","Colleen Hoover"],"answers":["Ugly Love"]},{"intent":"book.Verity 05086b67f61d478f918cfd09e02b238d2fe59020","utterances":["Lowen Ashleigh is a struggling writer on the brink of financial ruin when she accepts the job offer of a lifetime"," Jeremy Crawford, husband of bestselling author Verity Crawford, has hired Lowen to complete the remaining books in a successful series his injured wife is unable to finish","\n\nLowen arrives at the Crawford home, ready to sort through years of Verity's notes and outlines, hoping to find enough material to get her started"," What Lowen doesn't expect to uncover in the chaotic office is an unfinished autobiography Verity never intended for anyone to read"," Page after page of bone-chilling admissions, including Verity's recollection of what really happened the day her daughter died","\n\nLowen decides to keep the manuscript hidden from Jeremy, knowing its contents would devastate the already grieving father"," But as Lowen's feelings for Jeremy begin to intensify, she recognizes all the ways she could benefit if he were to read his wife's words"," After all, no matter how devoted Jeremy is to his injured wife, a truth this horrifying would make it impossible for him to continue to love her","thriller","romance","Colleen Hoover"],"answers":["Verity"]},{"intent":"book.Percy Jackson and the Lightning Thief 4f63caf8f0458ab21e89ecd04aa6abcf7292863e","utterances":["Percy Jackson is a good kid, but he can't seem to focus on his schoolwork or control his temper"," And lately, being away at boarding school is only getting worse - Percy could have sworn his pre-algebra teacher turned into a monster and tried to kill him"," When Percy's mom finds out, she knows it's time that he knew the truth about where he came from, and that he go to the one place he'll be safe"," She sends Percy to Camp Half Blood, a summer camp for demigods (on Long Island), where he learns that the father he never knew is Poseidon, God of the Sea"," Soon a mystery unfolds and together with his friends—one a satyr and the other the demigod daughter of Athena - Percy sets out on a quest across the United States to reach the gates of the Underworld (located in a recording studio in Hollywood) and prevent a catastrophic war between the gods","fantasy","children","adventure","Rick Riordan"],"answers":["Percy Jackson and the Lightning Thief"]},{"intent":"book.The Sea of Monsters 3914db74908f0623a80a05b0dd5568277067d5d4","utterances":["The heroic son of Poseidon makes an action-packed comeback in the second must-read installment of Rick Riordan's amazing young readers series"," Starring Percy Jackson, a \"half blood\" whose mother is human and whose father is the God of the Sea, Riordan's series combines cliffhanger adventure and Greek mythology lessons that results in true page-turners that get better with each installment","\n\nIn this episode, The Sea of Monsters, Percy sets out to retrieve the Golden Fleece before his summer camp is destroyed, surpassing the first book's drama and setting the stage for more thrills to come","fantasy","children","Rick Riordan"],"answers":["The Sea of Monsters"]},{"intent":"book.The Titan's Curse 3e856d9698f6f065171312f363900bae17579e15","utterances":["It's not everyday you find yourself in combat with a half-lion, half-human","\n\nBut when you're the son of a Greek god, it happens"," And now my friend Annabeth is missing, a goddess is in chains and only five half-blood heroes can join the quest to defeat the doomsday monster","\n\nOh, and guess what? The Oracle has predicted that not all of us will survive","fantasy","children","fiction","Rick Riordan"],"answers":["The Titan's Curse"]},{"intent":"book.The Battle of the Labyrinth 18723411e11c1d346de47e8ec2782ed49a8fb06e","utterances":["Percy Jackson isn't expecting freshman orientation to be any fun"," But when a mysterious mortal acquaintance appears at his potential new school, followed by demon cheerleaders, things quickly move from bad to worse","\n\nIn this fourth installment of the blockbuster series, time is running out as war between the Olympians and the evil Titan lord Kronos draws near"," Even the safe haven of Camp Half-Blood grows more vulnerable by the minute as Kronos's army prepares to invade its once impenetrable borders"," To stop the invasion, Percy and his demigod friends must set out on a quest through the Labyrinth - a sprawling underground world with stunning surprises at every turn","fantasy","children","fiction","Rick Riordan"],"answers":["The Battle of the Labyrinth"]},{"intent":"book.The Last Olympian 851fa4c8050131204bae75595e94c60985f08b67","utterances":["All year the half-bloods have been preparing for battle against the Titans, knowing the odds of victory are grim"," Kronos's army is stronger than ever, and with every god and half-blood he recruits, the evil Titan's power only grows","\n\nWhile the Olympians struggle to contain the rampaging monster Typhon, Kronos begins his advance on New York City, where Mount Olympus stands virtually unguarded"," Now it's up to Percy Jackson and an army of young demigods to stop the Lord of Time","\n\nIn this momentous final book in the New York Times best-selling series, the long-awaited prophecy surrounding Percy's sixteenth birthday unfolds"," And as the battle for Western civilization rages on the streets of Manhattan, Percy faces a terrifying suspicion that he may be fighting against his own fate","fantasy","fiction","children","Rick Riordan"],"answers":["The Last Olympian"]},{"intent":"book.Fahrenheit 451 37bdab8c901364f2cbcb22aa61f4dfba2ecb7218","utterances":["Guy Montag is a fireman"," His job is to destroy the most illegal of commodities, the printed book, along with the houses in which they are hidden"," Montag never questions the destruction and ruin his actions produce, returning each day to his bland life and wife, Mildred, who spends all day with her television “family","” But when he meets an eccentric young neighbor, Clarisse, who introduces him to a past where people didn’t live in fear and to a present where one sees the world through the ideas in books instead of the mindless chatter of television, Montag begins to question everything he has ever known","classic","fiction","sci-fi","fantasy","Ray Bradbury"],"answers":["Fahrenheit 451"]},{"intent":"book.Raising Lazarus f201d13b4dfad3ce871329d2067ff1812f64ab52","utterances":["Nearly a decade into the second wave of America's overdose crisis, pharmaceutical companies have yet to answer for the harms they created"," As pending court battles against opioid makers, distributors, and retailers drag on, addiction rates have soared to record-breaking levels during the COVID pandemic, illustrating the critical need for leadership, urgency, and change"," Meanwhile, there is scant consensus between law enforcement and medical leaders, nor an understanding of how to truly scale the programs that are out there, working at the ragged edge of capacity and actually saving lives","\n\nDistilling this massive, unprecedented national health crisis down to its character-driven emotional core as only she can, Beth Macy takes us into the country’s hardest hit places to witness the devastating personal costs that one-third of America's families are now being forced to shoulder"," Here we meet the ordinary people fighting for the least of us with the fewest resources, from harm reductionists risking arrest to bring lifesaving care to the homeless and addicted to the activists and bereaved families pushing to hold Purdue and the Sackler family accountable"," These heroes come from all walks of life; what they have in common is an up-close and personal understanding of addiction that refuses to stigmatize—and therefore abandon—people who use drugs, as big pharma execs and many politicians are all too ready to do"," \n\nLike the treatment innovators she profiles, Beth Macy meets the opioid crisis where it is—not where we think it should be or wish it was"," Bearing witness with clear eyes, intrepid curiosity, and unfailing empathy, she brings us the crucial next installment in the story of the defining disaster of our era, one that touches every single one of us, whether directly or indirectly"," A complex story of public health, big pharma, dark money, politics, race, and class that is by turns harrowing and heartening, infuriating and inspiring, Raising Lazarus is a must-read for all Americans","political","Beth Macy"],"answers":["Raising Lazarus"]},{"intent":"book.Breaking History: A White House Memoir ed08203f6eb12d2cce52aa415fd4152c5d2a67ae","utterances":["Jared Kushner was one of the most consequential presidential advisers in modern history"," For the first time, he recounts what happened behind closed doors during the Trump presidency","\n\nFew White House advisors have had such an expansive portfolio or constant access to the president"," From his office next to Trump, senior adviser Jared Kushner operated quietly behind the scenes, preferring to leave the turf wars and television sparring to others","\n\nNow, Kushner finally tells his story--a fast-paced and surprisingly candid account of how an earnest businessman with no political ambitions found himself pulled into a presidency that no one saw coming","\n\nBreaking History takes readers inside debates in the Oval Office, double-crosses at the United Nations, tense meetings in Arab palaces, high-stakes negotiations, and the daily barrage of leaks, false allegations, investigations, and West Wing infighting","\n\nA true historical thriller, this book is not your typical political memoir"," Kushner details Washington's intense resistance to change and reveals how he broke through the stalemates of the past"," An outsider among outsiders, Kushner was a results-driven executive among beltway power brokers"," He questioned old assumptions and delivered unprecedented results on trade, criminal justice reform, production of COVID-19 vaccines, and Middle East peace"," His successful negotiation of the Abraham Accords, the most significant diplomatic breakthrough in 50 years, earned him a nomination for the Nobel Peace Prize","\n\nWritten by one of the few people by Trump's side from his trip down the golden escalator to his final departure from Andrews Air Force Base, Breaking History provides the most honest, nuanced, and definitive understanding of a presidency that will be studied for generations","political","Jared Kushner"],"answers":["Breaking History: A White House Memoir"]},{"intent":"book.Scotland After Britain 9aa9ffa5cf7a6160d6fe1ee19d69850892475564","utterances":["Since the referendum, Scottish independence has been captured by conservative forces"," Scotland After Britain argues for fidelity to the true meaning of the word independence"," It should mean not only a break from the failing British state, but also from the prison of free trade and militarism that has delivered successive crises"," Most of all, independence must honestly address the huge injustices of income, wealth and power that continue to define Scottish society, by restoring agency to working class communities and voters","\n\nScotland After Britain shines a spotlight on pro-independence politics since Brexit and the pandemic"," The Scottish national question has emerged as the biggest fracture in the British state after Brexit"," The independence movement emerged from mass public disenchantment at the status quo, yet the SNP continues governing as if that disenchantment never happened, and the party leadership appears increasingly ambivalent about the risks of demanding independence"," Most of all, the British state remains hostile to allowing a second referendum, while the SNP leadership has been unwilling to sanction protest beyond the ballot box","\n\nWhere do we go from here? Scotland After Britain argues Brexit could force the movement to engage in a reckoning with the true stakes of independence, a process that will inevitably require a breach with the SNP’s establishment vision","political","Neil Davidson"],"answers":["Scotland After Britain"]},{"intent":"book.An Immigrant's Love Letter to the West 512f0dd91522643505b4cff0d9448fc34824f999","utterances":["For all of the West's failings - terrible food, cold weather, and questionable politicians with funny hair to name a few - it has its upsides"," Konstantin would know"," Growing up in the Soviet Union, he experienced first-hand the horrors of a socialist paradise gone wrong, having lived in extreme poverty with little access to even the most basic of necessities"," It wasn't until he moved to the UK that Kisin found himself thriving in an open and tolerant society, receiving countless opportunities he would never have had otherwise","\n\nFunny, provocative and unswervingly perceptive, An Immigrant's Love letter to the West interrogates the developing sense of self-loathing the Western sphere has adopted and offers an alternative perspective"," Exploring race politics, free speech, immigration and more, Kisin argues that wrongdoing and guilt need not pervade how we feel about the West - and Britain - today, and that despite all its ups and downs, it remains one of the best places to live in the world","\n\nAfter all, if an immigrant can't publicly profess their appreciation for this country, who can?","political","Konstantin Kisin"],"answers":["An Immigrant's Love Letter to the West"]},{"intent":"book.The Viral Underclass: The Human Toll When Inequality and Disease Collide 89f2b21f1714a5f7221edfc5558d09a9aa0b6cb3","utterances":["From preeminent LGBTQ scholar, social critic, and journalist Steven W"," Thrasher comes a powerful and crucial exploration of one of the most pressing issues of our times: how viruses expose the fault lines of society","\n\nHaving spent a ground-breaking career studying the racialization, policing, and criminalization of HIV, Dr"," Thrasher has come to understand a deeper truth at the heart of our society: that there are vast inequalities in who is able to survive viruses and that the ways in which viruses spread, kill, and take their toll are much more dependent on social structures than they are on biology alone","\n\nTold through the heart-rending stories of friends, activists, and teachers navigating the novel coronavirus, HIV, and other viruses, Dr"," Thrasher brings the reader with him as he delves into the viral underclass and lays bare its inner workings"," In the tradition of Isabel Wilkerson’s Caste and Michelle Alexander’s The New Jim Crow, The Viral Underclass helps us understand the world more deeply by showing the fraught relationship between privilege and survival","political","Steven W. Thrasher"],"answers":["The Viral Underclass: The Human Toll When Inequality and Disease Collide"]},{"intent":"book.The Spear Cuts Through Water 888cbef8670a5173617bd9caf9d7b9da56f379a4","utterances":["Two warriors shepherd an ancient god across a broken land to end the tyrannical reign of a royal family in this new epic fantasy from the author of The Vanished Birds","\n\nONE OF THE MOST ANTICIPATED BOOKS OF 2022—Tordotcom, BookPage, LitHub\n\nThe people suffer under the centuries-long rule of the Moon Throne"," The royal family—the despotic emperor and his monstrous sons, the Three Terrors—hold the countryside in their choking grip"," They bleed the land and oppress the citizens with the frightful powers they inherited from the god locked under their palace","\n\nBut that god cannot be contained forever","\n\nWith the aid of Jun, a guard broken by his guilt-stricken past, and Keema, an outcast fighting for his future, the god escapes from her royal captivity and flees from her own children, the triplet Terrors who would drag her back to her unholy prison"," And so it is that she embarks with her young companions on a five-day pilgrimage in search of freedom—and a way to end the Moon Throne forever"," The journey ahead will be more dangerous than any of them could have imagined","\n\nBoth a sweeping adventure story and an intimate exploration of identity, legacy, and belonging, The Spear Cuts Through Water is an ambitious and profound saga that will transport and transform you—and is like nothing you’ve ever read before","adventure","fiction","sci-fi","Simon Jimenez"],"answers":["The Spear Cuts Through Water"]},{"intent":"book.Amari and the Great Game f6266f76c6d9a2d48026812db5a3adaadbd0e815","utterances":["Sequel to the New York Times bestseller Amari and the Night Brothers!\nArtemis Fowl meets Men in Black in this magical second book in the New York Times and Indie bestselling Supernatural Investigations trilogy—perfect for fans of Tristan Strong Punches a Hole in the Sky, the Percy Jackson series, and Nevermoor","\n\nAfter finding her brother and saving the entire supernatural world, Amari Peters is convinced her first full summer as a Junior Agent will be a breeze","\n\nBut between the fearsome new Head Minister’s strict anti-magician agenda, fierce Junior Agent rivalries, and her brother Quinton’s curse steadily worsening, Amari’s plate is full"," So when the secretive League of Magicians offers her a chance to stand up for magiciankind as its new leader, she declines"," She’s got enough to worry about!\n\nBut her refusal allows someone else to step forward, a magician with dangerous plans for the League"," This challenge sparks the start of the Great Game, a competition to decide who will become the Night Brothers’ successor and determine the future of magiciankind","\n\nThe Great Game is both mysterious and deadly, but among the winner’s magical rewards is Quinton’s last hope—so how can Amari refuse?","adventure","fiction","fantasy","children","B.B. Alston"],"answers":["Amari and the Great Game"]},{"intent":"book.The King Will Kill You 40038a7a0cf02449ddc82be678c875d2be6e3582","utterances":["Princess Amarande is finally on the verge of having everything she wants"," To be with her true love Luca, no one nor law standing in the way"," To rule Ardenia as queen outright, no marriage necessary, as Luca does the same with the reformed Torrence"," To rebuild the continent of The Sand and Sky into a place not defined by archaic, patriarchal laws, but by the will of its people","\n\nHowever, threats await in the shadows of Amarande’s hoped-for happily ever after"," One expected and deadly to both her love and every one of her objectives"," The other, unexpected, and arising with a vicious aim: revenge at any cost"," Against the princess who killed him, the boy whose love made her do it, and the continent cruel enough to deserve his rage","\n\nThe King Will Kill You is the epic, pulse-pounding conclusion to Sarah Henning’s Kingdoms of Sand and Sky trilogy","adventure","romance","fantasy","children","Sarah Henning"],"answers":["The King Will Kill You"]},{"intent":"book.Royal Escape: Gossip, scandal and an unforgettable historical adventure cb4d3443bb4a4c32e336aef1baed2286e2b51f95","utterances":["Dispossessed of crown and kingdom, crushed and routed at the grim Battle of Worcester, the young Charles II is forced to flee for his life"," Out of the heat of battle, the outlaw King and his tiny party must journey across Cromwell's England to a Channel port and a ship bound for France and safety"," But the King, with his love of adventure, his irrepressible humour and his unmistakeable looks, is no easy man to hide","\n\nA typically witty, exciting and wonderful tale of historical adventure, Royal Escape will please Georgette Heyer fans old and new","historical adventure","adventure","historical fiction","romance","Georgette Heyer"],"answers":["Royal Escape: Gossip, scandal and an unforgettable historical adventure"]},{"intent":"book.The Bloody Cup a42bdd7979b19130130dcb377d31c18573564942","utterances":["For many years, the people of Briton have enjoyed peace and prosperity under the reign of King Artor and the Union of Kings"," Having spurned the despotism of his predecessor, Uther Pendragon, Arthur has ruled with a strong sense of duty, goodness and honour","\n\nArtor is now weakening with age, however, and the seeds of discontent are being sown"," Seeking to cleanse the land of Christian belief, dissenters need a symbol with which to legitimise their pagan claim and gather malcontents together into a cohesive weapon"," These shadowy, subversive elements seize upon the ancient cup of Bishop Lucius of Glastonbury as a way of fragmenting Artor's hard-fought-for kingdom"," But first, they must lay their hands on the relic and, in doing so, unleash a force for evil from which murder and violent mayhem ensue","\n\nBut it emerges that the ultimate threat to Artor's rule lies far closer to home; Artor is betrayed by kin"," Celt will slay Celt and the river will run with blood","historical adventure","historical fiction","M.K. Hume"],"answers":["The Bloody Cup"]},{"intent":"book.Sword Woman and Other Historical Adventures 4140c3c93ab055a6e14a9a13354b3f33e4cdbac0","utterances":["The immortal legacy of Robert E"," Howard, creator of Conan the Cimmerian, continues with this latest compendium of Howard’s fiction and poetry"," These adventures, set in medieval-era Europe and the Near East, are among the most gripping Howard ever wrote, full of pageantry, romance, and battle scenes worthy of Tolstoy himself"," Most of all, they feature some of Howard’s most unusual and memorable characters, including Cormac FitzGeoffrey, a half-Irish, half-Norman man of war who follows Richard the Lion-hearted to twelfth-century Palestine—or, as it was known to the Crusaders, Outremer; Diego de Guzman, a Spaniard who visits Cairo in the guise of a Muslim on a mission of revenge; and the legendary sword woman Dark Agnès, who, faced with an arranged marriage to a brutal husband in sixteenth-century France, cuts the ceremony short with a dagger thrust and flees to forge a new identity on the battlefield","\n\nLavishly illustrated by award-winning artist John Watkiss and featuring miscellanea, informative essays, and a fascinating introduction by acclaimed historical author Scott Oden, Sword Woman and Other Historical Adventures is a must-have for every fan of Robert E"," Howard, who, in a career spanning just twelve years, won a place in the pantheon of great American writers","fantasy","historical fiction","historical adventure","adventure","classic","Robert E. Howard"],"answers":["Sword Woman and Other Historical Adventures"]},{"intent":"book.Storm Tide ebbb7e13302938c615f186540866c206d5f2db9c","utterances":["Multimillion copy bestselling author Wilbur Smith returns with a brand-new historical epic, set against the backdrop of the American revolution","\n\nThe Courtney family is torn apart as three generations fight on opposing sides of a terrible war that will change the face of the world forever","\n\n'Best historical novelist' Stephen King\n\n'Wilbur Smith is one of those benchmarks against whom others are compared' The Times\n\n1774"," Rob Courtney has spent his whole life in a quiet trading outpost on the east coast of Africa, dreaming of a life of adventure at sea"," When his grandfather Jim dies, Rob takes his chance and stows away on a ship as it sails to England, with only the family heirloom, the Neptune Sword, to his name","\n\nArriving in London, Rob is seduced by the charms of the big city and soon finds himself desperate and penniless"," That is until the navy comes calling and Rob is sent across the Atlantic on a ship to join the war against the rebellious American colonists","\n\nBut on the other side of the Atlantic, unbeknownst to Rob, his distant cousins Cal and Aidan Courtney are leading a campaign against the British"," Their one desire is American independence, and they are determined to drive the British out of America - by whatever means necessary"," "," ","\n\nA powerful new historical thriller by the master of adventure fiction, Wilbur Smith, of families divided and a country on the brink of revolution","historical fiction","historical adventure","adventure","fiction","Wilbur Smith"],"answers":["Storm Tide"]},{"intent":"book.The Scarlet Thief eed7a37db06cbbfcd6d4dc46848ee25e9ee119b7","utterances":["The new Richard Sharpe bursts onto the historical adventure scene in a brilliant, action-packed debut of Redcoat battle and bloodshed","\n\n1854: The banks of the Alma River, Crimean Peninsular"," The Redcoats stagger to a bloody halt"," The men of the King's Royal Fusiliers are in terrible trouble, ducking and twisting as the storm of shot, shell and bullet tear through their ranks"," Officer Jack Lark has to act immediately and decisively"," His life and the success of the campaign depend on it"," But does he have the mettle, the officer qualities that are the life blood of the British Army? From a poor background Lark has risen through the ranks by stealth and guile and now he faces the ultimate test"," THE SCARLET THIEF introduces us to a formidable and compelling hero - brutally courageous, roguish, ambitious - in a historical novel as robust as it is thrillingly authentic by an author who brings history and battle vividly alive","historical fiction","historical adventure","fiction","adventure","Paul Fraser Collard"],"answers":["The Scarlet Thief"]},{"intent":"book.The Green Mile f451068f90a8611a8a40f402543024d01f5d8306","utterances":["At Cold Mountain Penitentiary, along the lonely stretch of cells known as the Green Mile, condemned killers such as 'Billy the Kid' Wharton and the possessed Eduard Delacroix await death strapped in 'Old Sparky'"," But good or evil, innocent or guilty, prisoner or guard, none has ever seen the brutal likes of the new prisoner, John Coffey, sentenced to death for raping and murdering two young girls"," Is Coffey a devil in human form? Or is he a far, far different kind of being?\n\nThere are more wonders in heaven and hell than anyone at Cold Mountain can imagine and one of those wonders might just have stepped in amongst them","horror","fantasy","fiction","thriller","mystery","crime","classic","Stephen King"],"answers":["The Green Mile"]},{"intent":"book.The Troop b763eb8d0e1bc191395ae004361d56c84548b111","utterances":["Once a year, scoutmaster Tim Riggs leads a troop of boys into the Canadian wilderness for a three-day camping trip; a tradition as comforting and reliable as a good ghost story and a roaring bonfire"," But when an unexpected intruder -- shockingly thin, disturbingly pale, and voraciously hungry -- stumbles upon their campsite, Tim and the boys are exposed to something far more frightening than any tale of terror"," The human carrier of a bioengineered nightmare"," An inexplicable horror that spreads faster than fear"," A harrowing struggle for survival that will pit the troop against the elements, the infected "," and one another","horror","thriller","fiction","sci-fi","mystery","Nick Cutter"],"answers":["The Troop"]},{"intent":"book.I Am Legend bc46a416a0b73b480639524b1e7f8ffa709f7bf3","utterances":["Robert Neville is the last living man on Earth"," but he is not alone"," Every other man, woman and child on the planet has become a vampire, and they are hungry for Neville's blood","\n\nBy day he is the hunter, stalking the undead through the ruins of civilisation"," By night, he barricades himself in his home and prays for the dawn","\n\nHow long can one man survive like this?","fiction","sci-fi","horror","classic","fantasy","mystery","Richard Matheson"],"answers":["I Am Legend"]},{"intent":"book.Horns 8508afc8181b2018445c10c169eb3df38357969c","utterances":["Ignatius Perrish spent the night drunk and doing terrible things"," He woke up the next morning with a thunderous hangover, a raging headache "," "," "," and a pair of horns growing from his temples","\n\nAt first Ig thought the horns were a hallucination, the product of a mind damaged by rage and grief"," He had spent the last year in a lonely, private purgatory, following the death of his beloved, Merrin Williams, who was raped and murdered under inexplicable circumstances"," A mental breakdown would have been the most natural thing in the world"," But there was nothing natural about the horns, which were all too real","\n\nOnce the righteous Ig had enjoyed the life of the blessed: born into privilege, the second son of a renowned musician and younger brother of a rising late-night TV star, he had security, wealth, and a place in his community"," Ig had it all, and more—he had Merrin and a love founded on shared daydreams, mutual daring, and unlikely midsummer magic","\n\nBut Merrin's death damned all that"," The only suspect in the crime, Ig was never charged or tried"," And he was never cleared"," In the court of public opinion in Gideon, New Hampshire, Ig is and always will be guilty because his rich and connected parents pulled strings to make the investigation go away"," Nothing Ig can do, nothing he can say, matters"," Everyone, it seems, including God, has abandoned him"," Everyone, that is, but the devil inside"," "," "," ","horror","fiction","comedy","fantasy","thriller","mystery","Joe Hill"],"answers":["Horns"]},{"intent":"book.Fairy Tale 6b85b674c648ec88c6c25c82b7f887a662fd390c","utterances":["Legendary storyteller Stephen King goes deep into the well of his imagination in this spellbinding novel about a seventeen-year-old boy who inherits the keys to a parallel world where good and evil are at war, and the stakes could not be higher—for their world or ours","\n\nCharlie Reade looks like a regular high school kid, great at baseball and football, a decent student"," But he carries a heavy load"," His mom was killed in a hit-and-run accident when he was ten, and grief drove his dad to drink"," Charlie learned how to take care of himself—and his dad"," Then, when Charlie is seventeen, he meets Howard Bowditch, a recluse with a big dog in a big house at the top of a big hill"," In the backyard is a locked shed from which strange sounds emerge, as if some creature is trying to escape"," When Mr"," Bowditch dies, he leaves Charlie the house, a massive amount of gold, a cassette tape telling a story that is impossible to believe, and a responsibility far too massive for a boy to shoulder","\n\nBecause within the shed is a portal to another world—one whose denizens are in peril and whose monstrous leaders may destroy their own world, and ours"," In this parallel universe, where two moons race across the sky, and the grand towers of a sprawling palace pierce the clouds, there are exiled princesses and princes who suffer horrific punishments; there are dungeons; there are games in which men and women must fight each other to the death for the amusement of the “Fair One","” And there is a magic sundial that can turn back time","\n\nA story as old as myth, and as startling and iconic as the rest of King’s work, Fairy Tale is about an ordinary guy forced into the hero’s role by circumstance, and it is both spectacularly suspenseful and satisfying","horror","crime","mystery","thriller","sci-fi","fantasy","fiction","Stephen King"],"answers":["Fairy Tale"]},{"intent":"book.The Ink Black Heart 676550066e103f5ce20d10d99ac0b96f194ae98a","utterances":["When frantic, dishevelled Edie Ledwell appears in the office begging to speak to her, private detective Robin Ellacott doesn't know quite what to make of the situation"," The co-creator of a popular cartoon, The Ink Black Heart, Edie is being persecuted by a mysterious online figure who goes by the pseudonym of Anomie"," Edie is desperate to uncover Anomie's true identity","\n\nRobin decides that the agency can't help with this - and thinks nothing more of it until a few days later, when she reads the shocking news that Edie has been tasered and then murdered in Highgate Cemetery, the location of The Ink Black Heart","\n\nRobin and her business partner Cormoran Strike become drawn into the quest to uncover Anomie's true identity"," But with a complex web of online aliases, business interests and family conflicts to navigate, Strike and Robin find themselves embroiled in a case that stretches their powers of deduction to the limits - and which threatens them in new and horrifying ways "," "," ","\n\nA gripping, fiendishly clever mystery, The Ink Black Heart is a true tour-de-force","contemporary fiction","crime","thriller","mystery","romance","adventure","Robert Galbraith"],"answers":["The Ink Black Heart"]},{"intent":"book.If We Were Villains 3ce1ff8b81e1f1dc5be2297a2ef3075aede5325c","utterances":["Oliver Marks has just served ten years in jail - for a murder he may or may not have committed"," On the day he's released, he's greeted by the man who put him in prison"," Detective Colborne is retiring, but before he does, he wants to know what really happened a decade ago","\n\nAs one of seven young actors studying Shakespeare at an elite arts college, Oliver and his friends play the same roles onstage and off: hero, villain, tyrant, temptress, ingenue, extra"," But when the casting changes, and the secondary characters usurp the stars, the plays spill dangerously over into life, and one of them is found dead"," The rest face their greatest acting challenge yet: convincing the police, and themselves, that they are blameless","contemporary fiction","crime","thriller","mystery","M.L. Rio"],"answers":["If We Were Villains"]},{"intent":"book.The Secret History 4accef82257d3a2e70eb54a4dd09eb0ef6545559","utterances":["'Everything, somehow, fit together; some sly and benevolent Providence was revealing itself by degrees and I felt myself trembling on the brink of a fabulous discovery, as though any morning it was all going to come together---my future, my past, the whole of my life---and I was going to sit up in bed like a thunderbolt and say oh! oh! oh!'\n\nUnder the influence of a charismatic classics professor, a group of clever, eccentric misfits at a New England college discover a way of thought and life a world away from their banal contemporaries"," But their search for the transcendent leads them down a dangerous path, beyond human constructs of morality","contemporary fiction","mystery","thriller","crime","fiction","classic","Donna Tartt"],"answers":["The Secret History"]},{"intent":"book.This is Going to Hurt: Secret Diaries of a Junior Doctor ec3c871d943fcf2616b6c8234df5fda6dfe24438","utterances":["Welcome to the life of a junior doctor: 97-hour weeks, life and death decisions, a constant tsunami of bodily fluids, and the hospital parking meter earns more than you","\nScribbled in secret after endless days, sleepless nights and missed weekends, Adam Kay's This is Going to Hurt provides a no-holds-barred account of his time on the NHS front line"," Hilarious, horrifying and heartbreaking, this diary is everything you wanted to know – and more than a few things you didn't – about life on and off the hospital ward","comedy","Adam Kay"],"answers":["This is Going to Hurt: Secret Diaries of a Junior Doctor"]},{"intent":"book.The Bro Code 35fc49afb940fbb4d9c4cdc0f68cabc145791ace","utterances":["Everyone's life is governed by an internal code of conduct"," Some call it morality"," Others call it religion"," But Bros in the know call this holy grail the Bro Code","\n\nHistorically a spoken tradition passed from one generation to the next, the official code of conduct for Bros appears here in its published form for the first time ever"," By upholding the tenets of this sacred and legendary document, any dude can learn to achieve Bro-dom","comedy","Matt Kuhn"],"answers":["The Bro Code"]},{"intent":"book.Born a Crime: Stories From a South African Childhood 8cfcfac04c0d0043e6cd7c5f531a7c0f180e1833","utterances":["The memoir of one man’s coming-of-age, set during the twilight of apartheid and the tumultuous days of freedom that followed","\n\nTrevor Noah’s unlikely path from apartheid South Africa to the desk of The Daily Show began with a criminal act: his birth"," Trevor was born to a white Swiss father and a black Xhosa mother at a time when such a union was punishable by five years in prison"," Living proof of his parents’ indiscretion, Trevor was kept mostly indoors for the earliest years of his life, bound by the extreme and often absurd measures his mother took to hide him from a government that could, at any moment, steal him away"," Finally liberated by the end of South Africa’s tyrannical white rule, Trevor and his mother set forth on a grand adventure, living openly and freely and embracing the opportunities won by a centuries-long struggle","\n\nBorn a Crime is the story of a mischievous young boy who grows into a restless young man as he struggles to find himself in a world where he was never supposed to exist"," It is also the story of that young man’s relationship with his fearless, rebellious, and fervently religious mother—his teammate, a woman determined to save her son from the cycle of poverty, violence, and abuse that would ultimately threaten her own life","comedy","Trevor Noah"],"answers":["Born a Crime: Stories From a South African Childhood"]},{"intent":"book.A Man Called Ove 2e1805506cd7a6d084ddfbc2e87bf4885dc36fcc","utterances":["A grumpy yet loveable man finds his solitary world turned on its head when a boisterous young family moves in next door","\n\nMeet Ove"," He's a curmudgeon, the kind of man who points at people he dislikes as if they were burglars caught outside his bedroom window"," He has staunch principles, strict routines, and a short fuse"," People call him the bitter neighbor from hell, but must Ove be bitter just because he doesn't walk around with a smile plastered to his face all the time?\n\nBehind the cranky exterior there is a story and a sadness"," So when one November morning a chatty young couple with two chatty young daughters move in next door and accidentally flatten Ove's mailbox, it is the lead-in to a comical and heartwarming tale of unkempt cats, unexpected friendship, and the ancient art of backing up a U-Haul"," All of which will change one cranky old man and a local residents' association to their very foundations","comedy","contemporary fiction","Fredrik Backman"],"answers":["A Man Called Ove"]},{"intent":"book.Reminders of Him 02f468ccea087a66d1a5d21f3def1e2518cc9a54","utterances":["A troubled young mother yearns for a shot at redemption in this heartbreaking yet hopeful story from #1 New York Times bestselling author Colleen Hoover"," After serving five years in prison for a tragic mistake, Kenna Rowan returns to the town where it all went wrong, hoping to reunite with her four-year-old daughter"," But the bridges Kenna burned are proving impossible to rebuild"," Everyone in her daughter’s life is determined to shut Kenna out, no matter how hard she works to prove herself"," The only person who hasn’t closed the door on her completely is Ledger Ward, a local bar owner and one of the few remaining links to Kenna’s daughter"," But if anyone were to discover how Ledger is slowly becoming an important part of Kenna’s life, both would risk losing the trust of everyone important to them"," The two form a connection despite the pressure surrounding them, but as their romance grows, so does the risk"," Kenna must find a way to absolve the mistakes of her past in order to build a future out of hope and healing","contemporary fiction","romance","drama","Colleen Hoover"],"answers":["Reminders of Him"]},{"intent":"book.Heart Bones 3d52072d67f29554d2d32364479492ca3fcb902b","utterances":["Life and a dismal last name are the only two things Beyah Grim's parents ever gave her"," After carving her path all on her own, Beyah is well on her way to bigger and better things, thanks to no one but herself","\n\nWith only two short months separating her from the future she's built and the past she desperately wants to leave behind, an unexpected death leaves Beyah with no place to go during the interim"," Forced to reach out to her last resort, Beyah has to spend the remainder of her summer on a peninsula in Texas with a father she barely knows"," Beyah's plan is to keep her head down and let the summer slip by seamlessly, but her new neighbor Samson throws a wrench in that plan","\n\nSamson and Beyah have nothing in common on the surface","\n\nShe comes from a life of poverty and neglect; he comes from a family of wealth and privilege"," But one thing they do have in common is that they're both drawn to sad things"," Which means they're drawn to each other"," With an almost immediate connection too intense for them to continue denying, Beyah and Samson agree to stay in the shallow end of a summer fling"," What Beyah doesn't realize is that a rip current is coming, and it's about to drag her heart out to sea","drama","contemporary fiction","romance","Colleen Hoover"],"answers":["Heart Bones"]},{"intent":"book.Regretting You 7c9bc4066f68c5638700e56b9152e79f81946ba6","utterances":["Morgan Grant and her sixteen-year-old daughter, Clara, would like nothing more than to be nothing alike","\n\nMorgan is determined to prevent her daughter from making the same mistakes she did"," By getting pregnant and married way too young, Morgan put her own dreams on hold"," Clara doesn’t want to follow in her mother’s footsteps"," Her predictable mother doesn’t have a spontaneous bone in her body","\n\nWith warring personalities and conflicting goals, Morgan and Clara find it increasingly difficult to coexist"," The only person who can bring peace to the household is Chris—Morgan’s husband, Clara’s father, and the family anchor"," But that peace is shattered when Chris is involved in a tragic and questionable accident"," The heartbreaking and long-lasting consequences will reach far beyond just Morgan and Clara","\n\nWhile struggling to rebuild everything that crashed around them, Morgan finds comfort in the last person she expects to, and Clara turns to the one boy she’s been forbidden to see"," With each passing day, new secrets, resentment, and misunderstandings make mother and daughter fall further apart"," So far apart, it might be impossible for them to ever fall back together","drama","romance","contemporary fiction","Colleen Hoover"],"answers":["Regretting You"]},{"intent":"book.All Your Perfects c0cf1de11bc6ce904f76c0bce877a253aea783cc","utterances":["Colleen Hoover delivers a tour de force novel about a troubled marriage and the one old forgotten promise that might be able to save it","\n\nQuinn and Graham’s perfect love is threatened by their imperfect marriage"," The memories, mistakes, and secrets that they have built up over the years are now tearing them apart"," The one thing that could save them might also be the very thing that pushes their marriage beyond the point of repair","\n\nAll Your Perfects is a profound novel about a damaged couple whose potential future hinges on promises made in the past"," This is a heartbreaking page-turner that asks: Can a resounding love with a perfect beginning survive a lifetime between two imperfect people?","drama","romance","contemporary fiction","Colleen Hoover"],"answers":["All Your Perfects"]},{"intent":"book.All Good People Here 8ff30243d2b95f7fd0cff3f76c37320081f8bd46","utterances":["In the propulsive debut novel from the host of the #1 true crime podcast \"Crime Junkie,\" a journalist uncovers her hometown’s dark secrets when she becomes obsessed with the unsolved murder of her childhood neighbor—and the disappearance of another girl twenty years later","\n\nEveryone from Wakarusa, Indiana, remembers the case of January Jacobs, who was found dead in a ditch hours after her family awoke to find her gone"," Margot Davies was six at the time, the same age as January—and they were next-door neighbors"," In the twenty years since, Margot has grown up, moved away, and become a big-city journalist, but she’s always been haunted by the fear that it could’ve been her"," And the worst part is, January’s killer has never been brought to justice","\n\nWhen Margot returns home to help care for her sick uncle, it feels like walking into a time capsule"," Wakarusa is exactly how she remembered: genial, stifled, secretive"," Then news breaks about five-year-old Natalie Clark from the next town over, who’s gone missing under eerily similar circumstances"," With all the old feelings rushing back, Margot vows to find Natalie and solve January’s murder once and for all","\n\nBut the police, the family, the townspeople—they all seem to be hiding something"," And the deeper Margot digs into Natalie’s disappearance, the more resistance she encounters, and the colder January’s case feels"," Could the killer still be out there? Could it be the same person who kidnapped Natalie? And what will it cost to finally discover what truly happened that night?","drama","romance","mystery","thriller","fiction","crime","Ashley Flowers"],"answers":["All Good People Here"]}]}